#,Team,GP,MPG,PPG,FGM,FGA,FG%,3PM,3PA,3P%,FTM,FTA,FT%,ORB,DRB,RPG,APG,SPG,BPG,TOV,PF
1,Texas A&M Commerce,33,41.4,71.5,25.1,60.5,.415,8.7,27.9,.312,12.6,17.9,.701,7.8,21.2,29.1,13.8,7.9,5.0,10.9,17.6
2,Nicholls State,34,41.3,73.9,25.0,56.1,.445,8.4,22.9,.365,15.6,21.5,.725,7.9,23.6,31.6,11.4,6.7,4.1,12.4,18.7
3,Northern Colorado,33,41.2,79.3,29.4,60.5,.485,7.7,22.1,.348,12.9,17.7,.729,7.3,26.1,33.4,14.6,6.3,2.4,11.1,16.6
4,Central Michigan,32,41.1,66.5,24.7,58.8,.420,6.3,20.6,.303,10.8,16.4,.660,9.4,24.0,33.4,11.4,6.0,3.7,11.3,16.5
5,George Washington,32,41.0,76.8,26.3,59.4,.442,9.0,24.9,.361,15.3,20.4,.746,7.8,26.6,34.4,12.3,5.9,4.8,12.1,14.5
6,Creighton,34,41.0,80.6,29.1,60.1,.485,10.7,29.3,.366,11.6,14.9,.784,7.3,28.6,35.9,16.9,3.9,4.1,10.0,11.4
7,North Dakota State,32,41.0,74.6,27.3,57.3,.476,7.9,20.8,.378,12.2,17.0,.718,7.3,24.5,31.8,11.6,4.3,1.3,10.5,14.6
8,Lehigh,32,40.9,72.7,25.9,59.0,.439,7.2,22.3,.322,13.7,18.6,.735,7.1,25.8,32.9,13.2,7.2,2.3,11.5,16.6
9,Winthrop,32,40.9,77.3,25.6,55.1,.464,7.4,21.8,.341,18.8,26.8,.702,9.2,23.3,32.5,11.9,6.3,2.8,12.2,17.8
10,Kansas State,34,40.9,72.2,24.6,56.4,.436,7.4,23.2,.318,15.6,21.6,.720,9.7,24.5,34.2,14.0,5.9,4.1,14.2,17.5
11,California,32,40.9,74.0,26.0,61.9,.421,8.8,26.0,.338,13.1,18.1,.727,9.3,25.2,34.4,12.1,6.0,2.6,11.1,17.3
12,Appalachian State,34,40.9,78.4,29.3,61.8,.475,6.6,19.8,.332,13.1,19.3,.680,9.9,28.7,38.6,14.6,6.1,6.8,10.2,13.2
13,Stony Brook,35,40.8,73.5,26.3,60.0,.438,7.9,22.1,.357,13.0,17.5,.739,8.3,25.4,33.7,12.1,6.0,3.2,9.8,15.2
14,Butler,33,40.8,77.1,27.9,61.7,.453,8.4,23.6,.355,12.8,16.2,.791,7.6,24.7,32.3,15.1,6.2,3.3,10.7,13.8
15,Oregon State,32,40.8,68.9,24.1,54.5,.442,6.1,18.7,.328,14.5,19.7,.737,7.1,22.7,29.8,11.1,6.0,3.7,11.7,18.5
16,Seattle,35,40.8,73.7,25.8,57.9,.445,7.6,22.0,.344,14.5,19.7,.734,8.7,25.4,34.1,13.2,5.8,2.9,12.2,18.6
17,Drake,35,40.8,79.9,28.3,59.4,.477,8.6,23.4,.366,14.7,19.5,.753,6.9,25.2,32.1,16.0,6.5,1.6,8.9,16.3
18,Florida Atlantic ,34,40.8,82.0,29.2,61.0,.478,8.4,23.8,.351,15.3,21.3,.720,10.1,25.3,35.5,14.9,7.2,3.1,11.1,16.1
19,Middle Tennessee State,33,40.8,65.7,22.5,55.8,.402,7.3,23.5,.311,13.5,19.1,.704,8.8,22.5,31.3,10.0,5.3,4.2,13.3,15.6
20,Stephen F. Austin,33,40.8,74.6,25.7,57.3,.449,6.2,18.4,.334,17.0,24.1,.706,10.3,22.9,33.2,12.8,8.9,2.8,15.4,21.1
21,Washington,32,40.8,80.6,29.1,61.9,.470,8.1,22.8,.354,14.3,19.9,.722,7.6,24.9,32.5,15.1,5.8,3.7,11.4,18.3
22,Baylor,35,40.7,80.4,27.6,57.2,.483,8.6,22.1,.389,16.5,22.6,.732,9.8,22.4,32.2,14.7,6.7,3.1,11.5,16.5
23,Idaho State,34,40.7,70.5,25.7,55.9,.460,6.4,19.5,.329,12.6,18.4,.686,8.6,21.1,29.7,12.0,7.0,3.6,10.5,16.1
24,Bowling Green,34,40.7,73.6,25.9,60.1,.431,6.4,21.5,.296,15.4,21.5,.715,9.9,25.6,35.6,11.3,6.5,2.8,11.2,15.7
25,Villanova,34,40.7,70.2,24.3,57.2,.425,9.3,27.4,.338,12.4,15.3,.808,7.0,24.8,31.8,12.9,5.8,2.4,9.1,15.3
26,Austin Peay,35,40.7,74.8,26.9,60.1,.447,7.9,21.9,.361,13.1,18.6,.706,9.4,22.0,31.4,11.1,7.1,2.7,8.2,17.6
27,Denver,34,40.7,81.0,27.8,61.9,.450,8.6,24.9,.348,16.7,22.9,.730,8.4,23.6,32.0,13.0,6.2,3.9,9.8,16.9
28,Kent State,34,40.7,74.8,26.2,59.3,.441,8.3,23.2,.357,14.2,19.0,.746,9.4,21.9,31.3,12.8,6.9,2.6,11.2,17.9
29,Fordham,33,40.7,70.5,24.2,60.4,.400,8.0,25.5,.315,14.1,21.2,.662,11.5,22.6,34.1,12.7,8.0,4.7,12.5,20.2
30,Oakland,36,40.7,76.4,26.8,60.2,.446,8.8,24.9,.355,13.9,18.5,.751,9.6,24.2,33.8,14.5,6.6,2.8,10.6,15.1
31,Milwaukee,35,40.7,79.5,28.0,62.8,.446,7.9,24.6,.322,15.6,21.4,.727,11.9,24.3,36.2,14.2,5.9,4.4,12.1,18.1
32,Temple,36,40.7,70.9,24.3,61.5,.396,8.2,25.9,.318,14.0,19.7,.709,9.5,23.4,32.9,11.2,7.4,2.9,9.6,16.9
33,Florida,36,40.7,85.6,29.9,65.3,.458,7.8,22.6,.345,17.9,25.1,.715,13.0,26.6,39.6,15.2,6.7,5.3,11.3,18.4
34,Longwood,35,40.7,74.7,26.6,58.7,.453,5.7,16.9,.341,15.8,23.0,.687,12.3,23.7,36.1,12.7,7.0,2.5,12.3,18.3
35,Pennsylvania ,29,40.7,74.4,26.9,59.3,.454,9.5,25.9,.367,11.1,16.1,.688,8.9,24.2,33.2,14.8,6.0,2.3,10.7,14.9
36,Brown,31,40.6,71.4,25.2,58.6,.430,8.2,24.0,.341,12.7,19.5,.653,10.4,23.4,33.7,13.5,6.3,4.2,11.8,16.7
37,Illinois-Chicago,33,40.6,70.3,25.6,58.4,.438,8.7,23.9,.363,10.4,15.2,.688,7.2,23.8,31.0,13.9,6.2,5.3,12.0,17.7
38,Wofford,32,40.6,74.5,27.3,59.5,.459,9.6,26.6,.359,10.3,16.6,.620,9.7,25.2,34.8,15.4,4.4,2.7,10.7,16.3
39,South Alabama,32,40.6,74.0,26.1,58.9,.443,7.5,21.6,.345,14.3,19.1,.750,6.5,23.4,30.0,10.7,6.8,2.8,10.5,16.6
40,Troy,32,40.6,79.6,26.8,60.9,.441,8.6,24.6,.351,17.3,23.5,.733,11.3,23.8,35.2,13.7,10.3,3.3,13.3,19.1
41,Northwestern,34,40.6,73.3,26.2,57.6,.455,8.2,21.0,.390,12.7,16.9,.752,7.5,22.0,29.5,15.6,7.0,3.1,8.4,17.6
42,Delaware State,34,40.6,70.6,25.0,57.7,.434,4.6,14.5,.320,15.9,22.5,.706,10.1,22.2,32.3,12.1,8.4,1.9,14.0,16.9
43,UNC Wilmington,31,40.6,79.4,27.8,60.4,.461,8.3,23.9,.348,15.4,20.3,.760,9.5,22.4,31.9,12.2,6.5,2.4,8.1,17.0
44,Northern Kentucky,33,40.6,74.8,26.7,58.6,.456,6.3,19.9,.319,15.1,20.9,.719,8.7,22.4,31.1,13.8,8.6,2.6,12.1,16.5
45,Arizona,35,40.6,87.6,31.4,64.4,.488,8.0,21.4,.373,16.8,23.4,.718,11.8,27.9,39.7,18.6,8.3,3.7,11.8,16.4
46,Davidson,32,40.6,70.1,24.5,56.8,.431,7.3,23.4,.314,13.8,18.8,.733,8.1,24.4,32.5,12.6,6.5,3.5,9.9,16.0
47,Lafayette,32,40.6,62.8,23.3,57.0,.408,7.1,22.8,.312,9.2,13.7,.674,7.1,23.0,30.1,13.2,6.6,4.3,11.0,16.2
48,South Dakota,32,40.6,76.1,27.3,59.9,.457,7.8,20.9,.375,13.5,18.2,.743,8.9,25.1,34.1,12.2,3.6,1.8,12.6,16.0
49,North Alabama,32,40.6,76.5,26.8,60.3,.444,7.7,21.2,.362,15.2,19.8,.768,8.5,23.9,32.5,11.2,5.3,3.2,9.8,18.4
50,UMKC,32,40.6,71.9,25.4,59.5,.427,8.4,25.3,.332,12.7,17.8,.713,10.0,23.5,33.4,12.8,6.0,3.8,11.1,19.5
51,Robert Morris,32,40.6,72.7,26.0,60.2,.432,8.5,25.4,.336,12.1,16.9,.717,11.1,22.1,33.2,13.5,4.9,2.9,13.5,17.6
52,San Diego State,36,40.6,74.7,25.9,58.6,.442,7.1,22.2,.318,15.8,21.5,.736,10.1,24.8,34.8,13.1,7.4,4.0,10.6,17.5
53,Lamar,33,40.6,77.8,27.6,61.4,.450,7.5,21.7,.346,15.0,20.6,.730,11.2,24.1,35.2,16.5,7.1,3.7,12.5,18.6
54,Yale,33,40.6,74.7,27.8,59.7,.467,7.3,20.8,.351,11.7,16.5,.707,8.5,25.0,33.5,15.0,6.2,3.2,9.1,15.1
55,Furman,33,40.6,79.5,27.6,62.2,.444,9.7,29.9,.324,14.6,20.0,.728,9.6,25.3,34.9,16.2,7.1,2.9,11.5,16.0
56,Montana State,35,40.6,75.3,26.9,57.5,.468,9.1,24.7,.370,12.4,17.0,.728,5.9,22.5,28.4,13.2,8.3,2.4,11.0,18.5
57,Northwestern State,32,40.6,70.5,25.3,58.5,.432,6.4,20.1,.317,13.7,20.7,.659,10.1,21.6,31.7,11.5,7.0,3.3,12.6,18.7
58,Alabama State,32,40.6,68.6,24.1,65.2,.370,7.0,24.8,.281,13.4,18.5,.723,11.9,23.8,35.7,10.8,8.7,3.8,10.9,19.0
59,High Point,34,40.6,84.5,27.8,59.9,.464,8.6,24.7,.348,20.3,26.0,.781,11.5,25.4,37.0,12.1,5.2,3.2,10.6,18.1
60,NC State,38,40.6,76.5,27.4,60.8,.451,7.1,20.3,.347,14.6,19.9,.736,9.3,24.0,33.3,13.1,7.3,3.6,9.3,16.3
61,Florida A&M,29,40.6,67.2,25.1,57.9,.433,5.9,17.1,.343,11.2,16.0,.700,8.6,23.4,32.0,14.3,6.0,2.8,14.3,18.7
62,Fresno State,33,40.5,67.7,24.6,54.4,.453,6.9,20.9,.332,11.5,16.8,.685,6.8,22.0,28.8,12.5,6.2,2.5,11.8,15.8
63,La Salle,33,40.5,72.7,26.6,61.8,.430,8.5,24.6,.346,11.0,15.2,.723,8.0,22.5,30.5,14.7,6.3,3.3,9.2,16.7
64,Howard,35,40.5,74.9,24.8,55.2,.449,8.0,21.6,.371,17.3,23.1,.751,9.4,23.1,32.5,13.9,6.1,2.8,14.3,18.9
65,Southern Illinois,32,40.5,72.7,24.7,54.6,.453,8.3,23.8,.347,15.0,19.7,.762,7.1,23.3,30.4,14.3,5.5,3.1,10.5,18.1
66,Utah State,35,40.5,79.7,28.5,58.2,.491,6.5,19.4,.333,16.1,22.4,.720,7.9,24.6,32.5,16.3,6.8,4.2,10.7,17.0
67,TCU,34,40.5,79.0,28.4,61.4,.461,6.6,18.6,.354,15.7,21.5,.731,11.1,23.2,34.4,16.9,9.0,3.8,12.2,17.4
68,Seton Hall,34,40.5,72.8,26.2,58.6,.448,6.0,18.2,.330,14.4,18.5,.777,10.9,23.9,34.8,12.6,7.4,4.7,11.9,15.3
69,Stanford,32,40.5,76.3,27.6,58.9,.468,8.9,24.2,.370,12.3,16.9,.728,6.8,25.5,32.3,16.1,5.5,3.1,12.3,15.3
70,UAB,35,40.5,77.5,26.8,59.6,.449,6.1,18.8,.327,17.8,23.8,.746,11.0,24.0,35.0,13.5,6.7,4.5,11.4,15.9
71,UNLV,33,40.5,73.7,26.6,57.5,.463,6.8,20.1,.340,13.7,18.8,.725,8.9,22.9,31.8,13.2,6.2,4.6,10.3,16.0
72,Tulane,31,40.5,81.9,27.6,58.0,.476,7.5,21.1,.357,19.2,26.2,.732,5.7,24.8,30.5,14.2,7.8,4.4,10.9,17.1
73,Maryland-Eastern Shore,29,40.5,65.2,23.0,57.4,.401,5.8,19.7,.295,13.3,18.6,.715,9.3,22.5,31.9,10.8,7.0,2.8,13.0,17.5
74,North Florida,32,40.5,78.0,26.5,59.9,.443,12.0,33.2,.360,13.0,16.9,.766,7.9,23.6,31.4,12.4,5.6,3.6,10.8,16.2
75,Texas-San Antonio,32,40.5,77.6,26.2,63.8,.410,9.7,28.8,.337,15.6,21.9,.710,11.1,26.0,37.1,13.9,5.0,4.2,10.6,17.9
76,Georgia Tech,32,40.5,71.0,25.3,60.1,.421,7.9,24.4,.326,12.4,17.5,.709,10.1,25.0,35.1,13.3,4.4,4.0,11.7,16.5
77,Western Carolina,32,40.5,76.8,28.2,61.3,.460,8.2,22.3,.366,12.3,17.3,.712,9.3,27.5,36.8,11.5,4.4,3.2,9.7,16.8
78,Wright State,32,40.5,86.5,32.3,60.9,.530,6.8,17.8,.383,15.1,19.9,.757,7.8,23.5,31.3,16.5,6.3,2.8,11.7,15.6
79,USC Upstate,30,40.5,71.0,26.0,58.4,.445,7.7,23.0,.333,11.3,17.7,.642,7.3,21.4,28.7,12.5,7.2,3.2,11.1,19.6
80,Manhattan,30,40.5,66.2,24.7,59.7,.413,7.3,23.2,.315,9.5,13.2,.722,8.0,22.7,30.7,14.4,7.5,2.9,12.5,13.9
81,Georgia Southern,33,40.5,73.3,25.7,59.7,.430,9.4,26.6,.352,12.6,17.3,.732,8.7,22.1,30.8,10.7,6.9,4.0,12.8,20.1
82,Maryland,33,40.5,69.0,23.2,56.2,.413,6.1,21.1,.289,16.5,22.9,.720,10.3,22.5,32.8,10.9,6.6,4.5,11.3,17.5
83,Radford,33,40.5,72.0,26.4,57.8,.457,7.2,19.8,.363,12.0,16.3,.739,8.7,22.6,31.4,11.1,5.5,3.5,10.1,17.0
84,Missouri State,33,40.5,71.2,25.7,58.5,.439,6.8,21.5,.314,13.1,18.4,.711,9.0,27.3,36.3,12.1,4.3,4.5,11.7,15.3
85,UC San Diego,33,40.5,76.7,26.8,58.6,.457,8.9,24.8,.358,14.2,18.9,.752,8.1,23.5,31.6,13.0,6.2,2.8,9.2,16.1
86,USC,33,40.5,74.1,26.4,58.5,.451,7.6,21.5,.355,13.6,19.7,.693,8.6,22.6,31.2,15.6,7.5,5.2,12.1,17.0
87,Eastern Michigan,31,40.5,66.0,25.3,58.9,.429,5.7,18.9,.304,9.8,14.6,.667,8.9,22.4,31.3,10.4,5.8,2.5,11.1,16.4
88,Hawaii,34,40.4,72.3,24.8,54.1,.458,7.8,22.8,.341,14.9,20.8,.718,7.0,24.2,31.1,12.2,4.6,2.6,11.6,17.5
89,Bethune-Cookman,34,40.4,72.9,25.3,58.6,.431,5.9,18.2,.321,16.5,21.8,.755,9.0,21.8,30.8,12.2,10.3,3.4,13.4,20.5
90,Cal Poly,32,40.4,63.7,22.5,55.6,.404,6.2,18.7,.331,12.5,17.8,.705,7.1,20.6,27.7,9.8,5.4,3.7,12.2,19.2
91,Niagara,32,40.4,72.5,25.7,54.7,.470,6.2,17.2,.362,14.9,19.8,.752,6.5,22.3,28.8,12.8,5.6,2.2,10.9,15.0
92,Army West Point,32,40.4,60.3,22.1,54.6,.405,7.9,24.6,.320,8.3,14.0,.588,8.0,22.8,30.8,12.5,5.8,3.9,11.2,15.8
93,Loyola (MD),32,40.4,64.0,23.0,55.2,.417,7.2,21.4,.336,10.8,16.8,.644,8.5,22.6,31.1,12.8,5.9,2.2,12.8,16.2
94,Rider,32,40.4,72.2,26.1,60.0,.435,5.7,16.9,.337,14.2,19.0,.748,10.1,25.0,35.1,13.3,6.6,3.9,12.0,17.5
95,Cal State Bakersfield,32,40.4,68.7,25.2,58.2,.434,4.7,14.9,.315,13.6,18.8,.723,10.2,21.4,31.6,10.5,6.9,3.6,11.4,20.4
96,Bucknell,33,40.4,65.2,23.0,53.6,.428,8.2,24.1,.338,11.2,15.6,.716,7.0,22.5,29.5,12.1,6.1,3.4,11.4,16.9
97,St. Bonaventure,33,40.4,73.5,25.8,56.7,.456,7.6,20.8,.365,14.2,18.3,.774,8.5,22.2,30.7,12.5,6.6,3.9,10.3,16.8
98,Wagner,33,40.4,63.7,23.0,58.0,.396,7.2,22.0,.327,10.6,15.0,.704,9.8,22.9,32.7,12.8,5.9,2.3,8.9,15.4
99,Chattanooga,33,40.4,78.2,27.0,58.0,.466,10.6,29.4,.359,13.6,18.2,.745,8.0,26.2,34.2,13.5,6.3,3.7,11.2,15.9
100,Gardner-Webb,33,40.4,73.5,26.3,60.4,.435,7.5,21.9,.345,13.4,21.3,.631,9.7,25.3,35.0,12.7,5.8,2.4,11.2,19.2
101,Ball State,31,40.4,73.5,24.8,55.7,.446,7.5,20.7,.362,16.5,21.5,.767,7.9,23.8,31.6,12.4,5.5,3.1,11.5,15.1
102,Cincinnati,36,40.4,74.6,27.6,62.5,.441,7.5,23.0,.326,11.9,17.3,.689,11.9,25.3,37.1,14.7,6.6,4.4,11.5,14.9
103,Abilene Christian,34,40.4,72.1,25.3,58.4,.433,5.3,15.6,.340,16.2,22.3,.727,8.2,22.4,30.6,12.7,7.7,2.1,12.4,19.6
104,Oklahoma State,32,40.4,71.0,24.8,56.2,.441,8.1,24.3,.334,13.3,19.1,.697,8.0,23.1,31.2,13.4,6.3,2.9,12.6,16.0
105,New Mexico State,32,40.4,67.7,24.1,56.9,.423,6.4,19.6,.329,13.1,19.3,.677,8.1,24.1,32.2,11.2,6.1,3.1,11.5,19.9
106,Western Michigan,32,40.4,71.3,25.9,59.8,.433,7.9,23.3,.339,11.6,18.6,.625,10.8,23.7,34.5,13.1,5.3,2.7,12.7,17.2
107,Purdue,35,40.4,83.9,28.8,58.7,.490,8.4,20.6,.409,17.9,24.9,.721,11.4,27.4,38.8,18.8,5.6,3.9,11.0,14.0
108,Ohio,33,40.4,77.3,27.3,60.2,.453,8.9,25.1,.356,13.8,18.9,.730,8.8,23.3,32.1,14.1,7.1,3.6,9.5,17.0
109,Houston,36,40.4,74.1,26.7,60.7,.440,7.9,22.6,.349,12.9,18.6,.691,12.4,22.4,34.8,13.2,9.9,4.8,8.4,17.9
110,Grambling State,36,40.4,67.7,23.9,54.3,.440,5.1,15.2,.338,14.8,20.8,.708,8.5,21.2,29.7,9.8,7.4,3.2,12.4,16.0
111,James Madison,36,40.4,83.2,29.8,62.6,.476,8.5,23.7,.360,15.1,21.4,.703,9.9,25.9,35.8,16.0,9.0,3.1,10.6,17.3
112,Northern Illinois,31,40.4,73.2,25.8,58.1,.444,7.3,22.5,.326,14.3,21.2,.672,9.0,24.0,33.0,10.2,5.3,4.9,12.4,17.4
113,UNC Asheville,34,40.4,78.9,26.6,57.4,.465,8.1,22.3,.365,17.4,23.5,.742,8.2,23.9,32.1,15.7,6.0,4.3,11.4,17.1
114,Harvard,27,40.4,70.4,24.6,56.1,.439,7.4,22.1,.336,13.7,19.5,.702,8.0,24.1,32.1,13.0,6.2,4.3,11.5,14.8
115,Boston University,33,40.4,66.5,23.3,56.2,.414,7.7,23.1,.333,12.2,17.0,.717,7.9,24.9,32.8,12.9,6.5,3.1,11.1,17.3
116,Wisconsin,36,40.4,74.7,26.4,57.4,.461,7.1,20.4,.349,14.7,19.4,.755,8.8,22.4,31.2,12.7,6.2,1.6,9.6,16.5
117,Tulsa,31,40.4,75.0,25.1,57.3,.439,7.7,23.6,.327,17.0,23.1,.736,7.4,25.0,32.5,12.6,7.8,3.4,12.5,17.5
118,Colorado,37,40.4,79.3,28.4,57.3,.495,6.9,17.5,.391,15.8,20.1,.784,8.4,25.8,34.2,16.2,6.0,2.2,12.1,14.8
119,Coppin State,29,40.3,57.9,20.2,54.2,.372,5.3,18.6,.283,12.2,16.9,.726,8.2,18.9,27.2,8.3,7.7,2.8,15.0,17.7
120,Long Island,29,40.3,66.5,24.3,58.3,.418,5.4,17.4,.310,12.4,18.3,.677,8.1,24.3,32.4,12.5,6.4,3.0,13.9,19.2
121,Drexel,32,40.3,73.3,26.9,58.9,.457,6.8,19.6,.344,12.8,17.7,.722,10.3,26.3,36.6,12.7,5.0,4.0,10.3,15.3
122,Michigan,32,40.3,72.9,25.9,58.4,.444,8.0,22.2,.359,13.2,18.7,.703,9.4,22.9,32.3,12.5,4.2,3.6,12.6,17.2
123,Campbell,32,40.3,71.0,25.2,54.4,.463,7.3,21.0,.345,13.4,18.4,.725,6.3,23.0,29.3,13.3,6.3,2.4,11.6,15.2
124,Mount St. Mary's,32,40.3,72.7,27.4,57.9,.473,6.8,19.2,.353,11.2,15.4,.725,8.5,24.0,32.5,13.2,6.9,3.9,13.9,15.5
125,Providence,35,40.3,72.4,25.5,57.5,.443,8.3,25.5,.325,13.2,18.3,.722,8.0,25.7,33.7,13.6,6.4,4.6,11.5,15.8
126,Binghamton,30,40.3,72.1,26.7,57.9,.461,5.5,17.9,.306,13.2,19.8,.667,9.2,27.0,36.2,14.5,5.0,3.8,11.9,16.6
127,Oregon,36,40.3,75.6,27.3,59.6,.458,7.3,21.6,.338,13.7,19.1,.719,8.6,23.4,32.0,13.8,7.2,3.6,9.7,16.4
128,Arkansas,33,40.3,77.8,26.0,57.5,.453,6.0,18.9,.318,19.7,26.0,.756,7.3,24.2,31.5,11.7,6.0,6.1,11.2,19.8
129,Texas-RGV,31,40.3,70.4,24.3,58.1,.419,5.2,17.6,.293,16.5,23.5,.705,7.8,22.0,29.8,12.9,8.1,3.0,13.6,18.2
130,Bellarmine,31,40.3,69.5,25.7,59.3,.434,7.7,22.5,.341,10.4,13.3,.779,6.4,22.5,29.0,13.5,5.3,1.9,9.1,15.7
131,North Carolina Central,31,40.3,76.6,26.5,58.5,.454,7.5,22.0,.342,16.0,23.0,.695,9.9,23.1,33.0,12.8,7.6,2.7,11.5,17.8
132,Utah Tech,31,40.3,70.8,24.9,55.6,.447,6.5,19.2,.337,14.5,22.5,.645,8.4,23.3,31.7,12.9,6.6,4.3,15.5,20.9
133,UC Santa Barbara,31,40.3,75.4,26.6,54.3,.490,6.0,16.7,.360,16.1,21.8,.736,7.2,25.0,32.2,13.5,4.9,3.2,12.6,16.5
134,Coastal Carolina,31,40.3,73.5,26.9,60.6,.444,6.5,20.2,.321,13.2,19.9,.664,10.0,27.5,37.5,12.7,5.7,3.1,13.2,16.0
135,Bradley,35,40.3,74.1,26.9,57.1,.472,8.7,23.9,.366,11.4,15.7,.727,8.3,23.9,32.2,13.2,7.1,4.1,11.5,16.5
136,Toledo,32,40.3,80.0,28.8,60.2,.478,6.5,17.2,.376,16.0,21.3,.754,8.6,22.9,31.5,13.4,7.3,2.0,10.3,15.6
137,Wyoming,32,40.3,72.8,24.7,54.8,.451,7.5,20.3,.372,15.9,21.4,.741,7.8,23.4,31.2,11.7,5.2,2.5,12.3,15.6
138,Green Bay,32,40.3,69.0,24.4,54.4,.448,8.9,26.3,.339,11.4,15.8,.722,7.4,22.8,30.2,12.9,4.4,2.2,11.2,17.3
139,Tennessee-Martin,32,40.3,81.5,28.4,63.9,.444,8.7,24.3,.358,16.1,20.8,.771,8.8,29.5,38.3,13.0,6.2,2.8,11.2,14.2
140,Detroit-Mercy,32,40.3,66.0,23.8,56.4,.421,5.8,20.8,.281,12.6,17.1,.735,7.8,19.4,27.3,10.8,6.9,2.4,12.4,17.3
141,Youngstown State,32,40.3,81.2,29.1,64.5,.451,8.8,27.3,.323,14.2,18.4,.771,11.0,26.0,37.0,15.3,6.2,4.9,10.5,16.3
142,Weber State,32,40.3,75.4,26.3,56.2,.469,7.8,22.5,.348,14.9,19.9,.749,6.9,23.4,30.3,12.2,6.9,1.7,9.7,15.5
143,Utah Valley,32,40.3,68.7,25.0,57.8,.433,4.8,16.9,.285,13.8,20.5,.676,9.0,24.7,33.7,14.9,6.9,4.5,11.9,18.1
144,Portland State,32,40.3,71.9,25.3,60.9,.415,7.4,22.8,.325,14.0,20.4,.686,10.1,23.6,33.6,11.8,7.1,3.3,10.9,18.1
145,Maine,32,40.3,67.6,25.0,57.2,.437,5.4,18.3,.295,12.2,16.9,.719,6.7,23.2,29.9,12.4,8.4,3.3,10.9,16.3
146,California Baptist,33,40.3,67.3,23.1,56.3,.410,6.7,20.4,.326,14.5,21.2,.683,10.2,24.2,34.4,11.3,4.0,2.6,11.1,15.9
147,Omaha,33,40.3,74.0,25.6,56.8,.451,6.2,19.1,.326,16.5,22.2,.743,7.7,23.9,31.6,10.2,6.1,2.2,9.5,16.7
148,Merrimack College,33,40.3,69.2,24.1,55.0,.438,7.3,23.6,.309,13.7,18.8,.729,6.7,22.0,28.7,12.4,9.8,3.7,12.4,16.1
149,Saint Mary's,34,40.3,74.0,27.5,59.0,.466,7.6,21.6,.352,11.4,16.8,.676,11.5,25.1,36.6,16.2,6.6,3.8,9.5,16.4
150,Towson,34,40.3,67.5,24.1,56.9,.423,6.4,19.4,.328,13.1,19.8,.661,12.7,23.7,36.4,11.2,6.2,4.2,11.5,16.6
151,Oral Roberts,31,40.3,73.4,26.2,59.5,.440,9.2,25.5,.361,11.8,15.9,.742,6.6,24.0,30.6,11.0,5.6,3.4,9.4,17.2
152,Incarnate Word,31,40.3,72.3,24.8,57.9,.428,7.6,23.0,.331,15.1,20.8,.727,9.5,24.4,33.9,12.2,6.0,4.1,15.2,19.0
153,Morgan State,31,40.3,72.7,27.1,60.1,.451,4.8,16.3,.293,13.7,18.1,.758,9.5,23.2,32.8,12.5,6.2,3.6,14.2,19.2
154,Air Force,31,40.3,66.2,23.5,51.7,.453,8.8,24.4,.361,10.5,15.3,.682,6.6,19.8,26.4,14.5,6.5,3.9,11.0,17.5
155,Utah,35,40.3,78.6,29.1,62.3,.468,9.0,24.9,.361,11.3,17.3,.655,9.0,27.9,36.9,17.5,5.9,4.3,11.3,15.9
156,Louisiana Tech,32,40.3,74.8,25.7,56.3,.457,7.2,19.8,.362,16.2,23.1,.701,10.4,25.4,35.8,12.6,7.5,5.0,11.8,15.6
157,Old Dominion,32,40.3,70.9,26.3,62.5,.420,6.9,21.7,.318,11.4,17.2,.662,8.6,23.6,32.2,10.3,7.8,3.8,10.5,18.2
158,Fairleigh Dickinson,32,40.3,75.9,26.3,62.9,.419,8.4,25.4,.330,14.9,21.3,.700,9.9,24.9,34.9,15.1,8.2,2.5,12.4,17.8
159,Southeastern Louisiana,32,40.3,69.0,23.9,55.3,.432,7.3,21.2,.347,13.9,19.2,.728,9.2,22.8,32.0,14.5,6.9,2.3,13.3,16.3
160,Canisius,32,40.3,70.4,26.3,59.7,.440,7.3,21.6,.336,10.6,16.9,.625,10.7,23.7,34.3,12.5,6.0,3.5,12.6,16.3
161,Georgetown,32,40.3,70.8,24.2,58.3,.415,8.3,23.9,.346,14.1,19.8,.714,10.5,20.5,31.0,12.2,5.7,3.1,11.5,16.7
162,Liberty,32,40.3,73.8,27.0,57.8,.467,10.1,27.5,.368,9.8,14.8,.661,7.5,24.1,31.6,15.9,5.2,2.3,10.0,15.0
163,UNC Greensboro,32,40.3,75.7,27.0,58.7,.461,10.1,25.4,.397,11.6,15.8,.730,9.0,23.7,32.6,14.8,7.0,2.5,10.3,17.2
164,Long Beach State,36,40.3,77.4,27.6,62.2,.444,5.4,17.7,.305,16.8,23.8,.709,11.1,25.0,36.1,15.3,7.9,4.2,12.3,17.2
165,UC Davis,33,40.3,71.2,24.2,54.8,.442,7.0,20.7,.336,15.8,21.2,.748,8.2,21.5,29.7,12.5,7.8,3.5,12.9,19.2
166,Little Rock,34,40.3,77.3,28.1,59.5,.473,6.4,18.5,.345,14.6,19.5,.748,9.5,24.2,33.7,14.8,6.0,4.7,11.6,17.5
167,Nebraska,34,40.3,77.7,26.8,59.3,.452,9.4,26.3,.357,14.7,19.4,.760,8.4,26.6,35.0,15.3,6.3,2.6,10.8,15.9
168,Kennesaw State,31,40.3,82.8,29.3,65.6,.446,9.4,28.6,.329,14.8,22.0,.674,10.5,25.2,35.7,14.8,7.4,4.1,11.9,20.1
169,Georgia State,31,40.3,76.5,27.6,63.5,.435,7.5,23.2,.326,13.7,18.1,.757,8.9,24.8,33.7,11.8,5.8,2.9,9.3,17.5
170,Tennessee Tech ,31,40.3,67.4,24.5,54.6,.448,6.5,19.6,.332,12.0,16.8,.711,5.4,23.3,28.6,12.2,5.0,2.9,11.6,13.6
171,Navy,31,40.3,66.5,23.1,58.4,.396,5.8,19.5,.300,14.4,20.4,.708,10.1,22.1,32.2,12.1,6.7,2.0,9.7,18.0
172,Fort Wayne,35,40.3,80.5,29.2,61.9,.471,9.4,25.9,.362,12.8,18.3,.702,7.3,23.1,30.3,13.5,9.3,3.1,10.0,17.1
173,Washington State,35,40.3,73.5,27.1,58.5,.463,6.4,18.8,.339,13.0,18.5,.704,10.0,25.6,35.6,12.4,5.2,4.9,10.4,16.6
174,American University,32,40.3,68.7,24.4,54.4,.449,8.7,24.8,.351,11.1,15.4,.722,7.9,22.0,29.9,14.0,5.8,1.7,10.0,16.5
175,Pacific,32,40.3,64.7,22.7,55.1,.411,6.3,20.1,.316,13.1,20.3,.643,5.7,20.1,25.8,13.2,6.1,2.0,11.4,17.2
176,Southern,32,40.3,71.1,25.2,57.2,.441,6.9,21.4,.323,13.8,20.4,.674,8.9,21.3,30.2,13.8,9.1,3.3,13.5,19.7
177,Rice,32,40.3,72.0,26.0,58.8,.443,7.8,23.3,.337,12.1,17.4,.695,9.0,23.9,32.9,14.4,5.6,3.7,11.1,14.5
178,Montana,36,40.3,76.9,28.0,57.6,.485,7.7,21.5,.358,13.3,16.7,.792,7.2,24.4,31.6,14.9,4.8,3.0,9.9,16.7
179,Colorado State,36,40.3,75.2,27.2,56.2,.484,7.3,21.7,.338,13.4,17.8,.752,6.8,24.3,31.0,18.0,6.3,3.1,10.1,17.0
180,Cleveland State,36,40.3,75.5,27.9,62.4,.447,6.4,19.4,.333,13.2,19.8,.668,11.3,21.3,32.5,13.3,8.3,3.9,9.9,18.3
181,Northern Arizona,33,40.2,68.6,25.0,57.1,.438,6.3,20.1,.312,12.4,17.8,.696,7.0,21.5,28.5,13.5,5.7,3.1,12.4,18.3
182,Presbyterian,33,40.2,74.8,27.2,57.6,.472,6.4,19.1,.334,14.1,21.2,.663,7.9,22.0,29.9,12.9,7.0,3.2,11.0,18.5
183,Northern Iowa,33,40.2,73.2,25.5,56.0,.456,7.2,20.9,.345,14.9,21.1,.707,6.9,24.3,31.2,12.5,6.2,2.6,9.7,16.6
184,Bryant,33,40.2,78.7,28.9,63.2,.457,8.3,24.4,.339,12.6,18.9,.669,7.3,28.2,35.5,14.8,7.0,6.5,11.7,16.9
185,Western Illinois,33,40.2,68.8,25.0,58.7,.427,5.9,18.5,.319,12.9,20.9,.615,12.9,26.0,38.9,12.8,5.2,5.6,12.3,14.2
186,Notre Dame,33,40.2,64.0,22.5,55.3,.407,7.6,23.9,.318,11.5,15.4,.744,8.4,24.7,33.1,10.2,5.7,2.4,11.4,15.1
187,Sam Houston State,33,40.2,72.2,25.1,59.0,.425,7.4,21.1,.352,14.5,20.1,.724,10.3,24.4,34.7,12.9,6.8,2.3,12.7,18.1
188,Kentucky,33,40.2,89.0,32.0,64.6,.495,9.9,24.2,.409,15.2,19.7,.772,8.5,26.1,34.5,17.5,7.5,6.3,10.5,17.5
189,Alabama,34,40.2,90.7,30.9,64.6,.477,11.0,30.1,.367,18.0,23.2,.776,11.4,25.4,36.8,16.0,7.3,4.2,11.9,20.1
190,UC Irvine,34,40.2,77.6,28.4,59.9,.475,5.8,16.6,.349,14.9,19.9,.753,9.4,26.1,35.5,15.6,6.4,3.3,10.8,18.4
191,South Dakota State,35,40.2,76.4,27.9,58.0,.482,8.6,23.5,.365,12.0,16.9,.710,7.2,25.3,32.5,12.9,6.1,3.2,11.0,14.3
192,Evansville,35,40.2,70.9,26.1,58.4,.448,6.8,20.1,.336,11.8,16.5,.718,6.7,24.5,31.2,12.9,6.5,3.1,11.2,15.3
193,Texas State,35,40.2,69.9,25.2,56.8,.444,4.5,13.9,.326,14.9,21.3,.696,9.5,23.0,32.5,11.8,7.4,3.4,12.8,17.6
194,Charlotte,31,40.2,68.7,24.1,53.4,.452,6.5,20.5,.317,14.0,18.6,.753,7.2,22.8,30.1,13.1,5.4,3.4,9.2,15.5
195,Central Connecticut State,31,40.2,72.2,26.1,58.0,.451,6.7,20.8,.322,13.2,18.6,.709,8.6,24.9,33.5,14.3,7.5,4.8,10.6,13.6
196,Illinois,36,40.2,84.6,29.5,62.0,.476,8.4,23.8,.353,17.1,23.0,.744,11.3,26.6,37.9,13.4,4.3,3.8,10.2,15.1
197,UMass Lowell,32,40.2,80.0,28.5,60.1,.475,5.8,17.7,.329,17.2,23.3,.736,9.9,27.7,37.6,12.7,6.9,4.9,12.9,15.0
198,South Carolina State,32,40.2,70.2,24.5,59.8,.410,6.3,19.4,.323,14.9,21.6,.689,13.0,21.5,34.5,13.6,8.3,3.5,14.6,20.8
199,Boise State,33,40.2,75.1,26.0,58.0,.449,7.8,23.0,.340,15.3,20.8,.736,10.2,24.1,34.4,12.2,5.7,2.4,10.7,16.7
200,UTEP,34,40.2,72.6,25.3,56.5,.447,5.7,17.9,.319,16.4,23.8,.690,9.1,21.2,30.4,12.9,11.4,2.9,14.1,19.9
201,Ohio State,36,40.2,75.5,26.6,59.1,.450,7.1,20.5,.345,15.3,19.9,.767,9.7,25.0,34.6,14.1,5.6,4.6,10.3,17.0
202,Eastern Kentucky,31,40.2,80.8,29.6,64.3,.460,7.8,21.9,.358,13.8,20.3,.680,11.7,25.2,36.9,14.6,6.3,6.1,10.8,16.2
203,Oklahoma,32,40.2,75.4,26.1,56.2,.465,7.5,21.6,.345,15.7,21.2,.743,8.6,24.2,32.8,13.3,5.9,3.3,12.0,16.1
204,Penn State,33,40.2,75.1,25.9,59.1,.438,7.7,23.2,.334,15.6,20.9,.747,8.2,21.5,29.7,12.6,8.3,3.4,10.6,18.3
205,Louisiana-Monroe ,30,40.2,69.9,25.0,59.6,.420,5.1,17.1,.296,14.7,22.2,.665,11.3,23.3,34.5,12.7,7.3,2.2,11.8,18.0
206,Texas A&M,36,40.2,76.0,25.7,64.0,.402,7.1,24.1,.293,17.5,24.7,.707,15.4,24.1,39.6,11.4,6.9,3.0,9.4,17.0
207,Boston College,36,40.2,74.1,27.3,59.9,.456,8.3,22.9,.362,11.2,15.0,.750,8.2,24.4,32.5,14.1,5.9,3.4,10.3,15.7
208,Southern Utah,31,40.2,75.0,26.5,60.0,.441,6.3,20.9,.300,15.8,21.7,.728,9.1,21.5,30.5,12.1,6.5,3.0,11.7,17.7
209,Chicago State,32,40.2,69.5,24.1,56.8,.425,6.3,20.0,.314,15.0,21.1,.712,10.5,20.3,30.8,11.1,8.7,3.2,12.5,17.5
210,The Citadel,32,40.2,70.6,25.6,55.7,.460,6.2,18.8,.328,13.3,18.8,.706,7.9,23.2,31.1,11.2,5.6,2.6,11.3,14.0
211,Central Arkansas,32,40.2,72.2,25.5,61.4,.416,8.0,23.3,.343,13.1,17.7,.740,9.7,23.3,33.0,13.7,7.0,3.3,12.3,17.1
212,Albany,32,40.2,78.7,28.7,64.3,.446,7.8,23.7,.330,13.5,18.6,.726,9.9,23.6,33.5,12.8,8.3,3.2,12.7,19.4
213,Cal State Fullerton,32,40.2,67.9,23.1,53.7,.431,6.5,19.6,.330,15.2,21.4,.708,7.5,22.7,30.2,8.9,6.7,3.1,11.9,17.8
214,IUPUI,32,40.2,65.9,24.2,55.3,.438,3.4,13.9,.248,14.0,19.0,.736,8.5,18.7,27.2,10.4,7.6,2.1,13.8,17.4
215,Loyola (IL),33,40.2,73.1,25.9,57.6,.450,8.3,23.5,.354,13.0,19.1,.680,8.2,25.2,33.5,16.6,7.1,5.0,12.4,19.5
216,UC Riverside,34,40.1,70.7,24.8,62.4,.397,8.4,26.6,.317,12.7,17.8,.717,10.5,22.9,33.3,13.1,5.6,1.4,9.1,17.2
217,Quinnipiac,34,40.1,77.4,27.6,61.4,.449,7.5,21.3,.351,14.7,19.0,.775,10.1,24.8,34.9,14.1,7.6,3.7,12.0,16.2
218,Clemson,34,40.1,77.2,27.3,58.4,.468,8.2,23.3,.353,14.4,18.2,.790,7.9,26.1,34.1,14.7,4.6,3.9,9.8,16.1
219,Cal State Northridge,34,40.1,75.0,27.6,60.7,.455,4.9,15.8,.307,14.9,22.3,.668,10.0,26.6,36.7,13.9,7.4,3.4,13.9,20.8
220,San Francisco,34,40.1,77.7,29.3,60.1,.487,8.6,24.3,.355,10.6,14.1,.753,8.7,23.7,32.4,16.3,8.2,3.4,10.9,18.3
221,Norfolk State,34,40.1,74.5,25.9,56.7,.457,6.4,18.8,.339,16.4,22.7,.722,10.1,22.0,32.0,12.5,8.8,3.1,11.6,18.8
222,Grand Canyon,35,40.1,79.1,26.4,57.4,.460,7.0,20.8,.336,19.3,25.8,.749,10.3,24.5,34.9,12.1,8.3,5.5,11.8,17.9
223,Alabama A&M ,35,40.1,69.0,23.0,54.8,.420,4.2,14.7,.287,18.7,25.9,.722,9.5,22.7,32.3,10.5,7.5,3.9,15.4,20.8
224,Vermont,35,40.1,71.6,25.7,56.6,.455,8.6,25.1,.342,11.6,16.2,.716,6.7,25.5,32.1,13.7,5.9,3.9,8.7,13.9
225,Houston Christian,29,40.1,71.5,26.2,60.4,.433,5.1,16.8,.301,14.1,21.9,.644,10.2,23.8,34.0,11.4,5.6,2.8,15.0,14.6
226,Southeast Missouri State,31,40.1,67.0,24.6,59.6,.413,6.2,20.4,.304,11.5,16.5,.699,8.4,22.1,30.5,12.4,5.7,2.5,11.6,19.5
227,Stonehill,31,40.1,63.5,23.0,57.7,.399,8.2,26.9,.303,9.2,13.4,.689,7.0,23.2,30.3,11.8,6.4,2.5,13.2,15.4
228,Lindenwood,31,40.1,65.1,22.5,55.7,.403,4.8,17.0,.283,15.4,21.1,.732,7.5,21.8,29.3,8.0,6.2,2.5,11.3,17.5
229,New Hampshire,31,40.1,74.1,25.8,62.4,.414,8.9,27.4,.324,13.6,18.2,.745,7.8,26.5,34.3,11.8,7.3,2.1,11.5,15.2
230,Southern Indiana,32,40.1,68.6,23.0,56.6,.407,6.7,20.8,.324,15.8,21.2,.745,8.8,24.8,33.6,11.3,6.4,2.9,12.6,21.0
231,West Virginia,32,40.1,69.8,24.0,55.8,.430,7.3,20.8,.349,14.6,20.7,.705,7.9,22.9,30.8,13.0,4.3,3.6,12.2,15.2
232,Alcorn State,32,40.1,71.9,25.6,57.8,.442,5.2,15.4,.337,15.6,21.8,.712,9.5,22.0,31.5,11.6,6.9,1.8,10.9,17.7
233,Jackson State,32,40.1,71.2,25.0,60.1,.415,6.6,20.3,.325,14.7,20.9,.704,11.1,22.2,33.3,12.0,7.5,3.5,12.6,17.0
234,Eastern Washington,32,40.1,80.8,27.9,55.7,.501,8.5,23.4,.364,16.4,21.3,.771,7.1,24.2,31.2,17.6,6.0,3.6,13.0,18.1
235,Holy Cross,33,40.1,66.5,24.7,56.3,.439,7.5,21.3,.354,9.5,14.4,.662,7.1,22.9,30.1,11.1,4.0,3.3,10.8,16.1
236,Texas A&M-CC,33,40.1,75.2,26.9,62.0,.435,5.5,18.7,.297,15.7,22.4,.703,11.7,25.7,37.4,14.7,8.8,2.9,11.7,20.9
237,St. Thomas-Minnesota,33,40.1,72.8,26.0,55.3,.471,9.1,25.1,.361,11.7,16.0,.729,6.4,21.5,27.9,13.7,6.2,2.2,8.6,15.8
238,Tennessee State,33,40.1,72.7,25.2,57.0,.442,6.6,20.2,.325,15.7,20.8,.755,8.4,23.2,31.5,12.0,6.7,3.5,12.6,19.5
239,Jacksonville,33,40.1,71.8,25.3,58.1,.435,6.5,19.7,.329,14.7,20.8,.705,11.1,23.2,34.3,10.8,7.7,3.0,12.7,19.6
240,Nevada,34,40.1,75.9,25.9,54.7,.474,6.7,18.4,.363,17.4,24.2,.720,8.0,24.1,32.1,15.0,6.3,3.6,9.7,17.6
241,Virginia,34,40.1,62.9,23.8,55.5,.428,6.5,18.1,.358,8.9,14.0,.637,7.4,22.1,29.5,15.0,7.0,5.0,7.6,13.5
242,Stetson,35,40.1,76.8,27.1,58.7,.463,8.9,24.5,.365,13.5,17.7,.766,8.4,23.2,31.5,13.3,5.3,3.1,9.9,14.7
243,St. Francis (PA),30,40.1,65.2,23.8,56.1,.424,6.4,19.2,.335,11.2,18.4,.610,10.5,21.7,32.2,12.2,5.9,3.6,13.3,17.7
244,Mississippi Valley State,31,40.1,55.5,19.8,52.0,.381,4.6,15.8,.292,11.3,17.2,.658,8.2,18.8,27.0,8.7,6.6,2.3,14.8,17.7
245,Buffalo,31,40.1,68.0,24.8,59.0,.421,6.7,24.1,.277,11.6,16.3,.716,9.0,23.4,32.4,13.4,6.1,4.5,14.0,15.6
246,Idaho,32,40.1,67.8,24.5,55.6,.442,7.6,22.7,.335,11.2,15.2,.733,8.8,22.0,30.8,12.3,5.6,3.2,11.0,17.7
247,Jacksonville State,32,40.1,70.0,25.1,55.6,.452,5.3,15.8,.335,14.5,20.7,.702,10.0,23.6,33.6,11.1,6.8,3.9,12.9,16.4
248,Le Moyne,32,40.1,72.4,25.7,59.6,.432,9.8,28.4,.346,11.2,14.7,.761,7.1,24.2,31.3,15.7,8.0,3.2,10.6,15.3
249,UMBC,32,40.1,78.7,29.8,64.0,.466,8.0,22.3,.357,11.0,15.8,.698,8.0,25.8,33.7,13.0,5.1,3.9,12.9,15.8
250,Memphis,32,40.1,80.4,28.0,61.0,.460,8.3,23.7,.350,16.1,22.2,.725,10.7,23.5,34.2,13.7,8.6,4.5,12.7,17.2
251,North Dakota,32,40.1,75.3,26.8,60.4,.444,8.3,25.3,.326,13.4,18.8,.713,9.8,23.9,33.8,11.6,6.3,3.0,9.7,15.2
252,Dayton,33,40.1,74.2,25.2,53.1,.474,9.4,23.5,.399,14.4,19.5,.740,6.8,23.8,30.7,14.6,5.5,3.9,9.9,13.5
253,New Orleans,33,40.1,73.5,25.6,61.3,.418,5.4,17.8,.304,16.8,23.4,.720,9.8,21.8,31.6,11.8,7.7,3.6,11.8,19.1
254,North Texas,34,40.1,69.2,24.3,56.1,.433,8.4,22.1,.377,12.3,16.6,.737,10.0,21.8,31.8,11.1,7.1,3.0,10.3,16.8
255,Texas,34,40.1,75.4,27.4,58.5,.469,7.2,20.3,.355,13.4,17.6,.757,8.5,23.3,31.8,15.1,7.2,4.4,11.1,17.3
256,Texas-Arlington,34,40.1,76.9,25.9,58.3,.444,9.0,25.3,.354,16.1,22.0,.735,10.7,24.3,34.9,15.8,7.1,3.8,14.8,20.8
257,Saint Joseph's,35,40.1,75.5,26.5,59.5,.445,10.0,28.5,.352,12.4,17.1,.726,8.8,24.3,33.1,14.7,7.1,3.8,10.9,15.3
258,Tarleton State,35,40.1,74.1,27.2,59.7,.455,5.8,17.8,.326,13.9,18.4,.757,9.4,21.8,31.1,13.8,8.8,3.5,10.4,17.3
259,Wake Forest,35,40.1,78.1,27.7,58.3,.474,7.9,21.8,.364,14.8,18.7,.795,7.1,24.3,31.3,12.3,5.9,4.1,10.1,15.5
260,Michigan State,35,40.1,72.9,27.1,58.8,.461,6.5,17.9,.363,12.2,17.2,.708,9.0,23.3,32.3,15.9,7.1,3.8,9.5,16.6
261,Arkansas State ,36,40.1,78.8,27.5,62.3,.442,9.2,26.8,.344,14.5,20.8,.700,11.4,24.3,35.6,14.4,5.6,4.4,10.8,17.4
262,North Carolina,36,40.1,81.8,28.2,62.4,.453,8.0,22.4,.358,17.3,22.9,.756,10.5,27.7,38.1,14.4,5.7,4.1,9.8,16.5
263,VCU,37,40.1,71.4,24.0,54.1,.443,8.6,23.9,.358,14.9,19.1,.782,7.8,24.3,32.2,13.7,6.5,4.4,11.6,16.4
264,Massachusetts,31,40.1,77.5,27.7,61.4,.451,6.7,21.5,.313,15.4,22.0,.699,11.6,23.9,35.6,15.6,7.6,3.0,10.6,18.7
265,Louisville,32,40.1,72.0,25.0,57.3,.436,5.5,17.8,.306,16.6,22.3,.746,8.7,23.8,32.4,11.1,5.4,2.6,12.3,17.0
266,Florida Gulf Coast,32,40.1,70.4,25.8,56.8,.455,7.8,22.0,.355,10.9,15.7,.695,8.8,23.0,31.8,11.7,6.0,3.4,10.7,14.5
267,San Jose State,32,40.1,69.6,26.0,58.0,.448,8.3,24.3,.343,9.3,13.2,.702,6.7,21.6,28.3,13.5,5.2,3.3,10.1,17.1
268,Miami (OH),32,40.1,70.6,24.9,56.3,.443,8.1,22.4,.361,12.6,17.9,.706,7.1,24.1,31.2,14.4,6.3,3.0,11.3,17.3
269,Virginia Military,32,40.1,68.9,25.6,60.5,.423,6.6,21.0,.312,11.2,16.2,.692,8.1,25.3,33.4,10.5,5.6,2.6,15.2,16.8
270,Saint Peter's,33,40.1,64.8,21.8,55.5,.393,5.8,17.9,.325,15.4,21.6,.712,10.7,21.5,32.2,10.6,7.1,4.2,11.3,19.4
271,Portland,33,40.1,71.5,25.0,57.3,.437,8.8,25.5,.347,12.6,17.6,.716,6.8,23.8,30.6,13.5,4.1,2.2,11.7,14.8
272,Texas Southern,33,40.1,70.2,24.9,60.0,.415,7.3,23.2,.316,13.1,18.1,.724,9.5,22.8,32.3,11.6,6.9,3.8,11.9,18.5
273,Delaware,33,40.1,73.2,27.0,58.1,.465,6.9,20.5,.335,12.3,17.5,.707,7.9,24.8,32.7,13.8,5.4,3.0,10.5,15.0
274,LSU,33,40.1,76.4,26.3,57.8,.455,7.8,21.7,.357,16.0,22.1,.723,9.2,24.0,33.2,11.8,8.0,3.8,12.8,17.4
275,William & Mary,33,40.1,69.8,23.8,57.9,.412,9.0,27.8,.323,13.2,18.8,.702,9.3,23.8,33.1,12.3,4.7,1.7,10.2,17.0
276,Wichita State,34,40.1,72.8,27.5,61.5,.447,6.5,19.4,.333,11.3,16.2,.697,9.9,26.3,36.2,12.1,6.3,4.2,12.0,15.4
277,East Tennessee State,35,40.1,71.5,24.7,60.9,.406,7.8,25.0,.311,14.2,20.9,.682,12.5,23.5,36.0,11.4,7.7,4.7,11.7,18.2
278,Akron,35,40.1,73.6,26.1,57.7,.453,8.0,24.7,.324,13.3,18.3,.727,9.0,24.1,33.2,13.0,5.6,2.9,10.7,16.7
279,Arizona State,32,40.0,69.0,24.7,59.3,.417,6.7,22.3,.301,12.9,19.7,.655,7.0,23.2,30.3,12.0,8.2,3.7,10.1,16.6
280,Santa Clara,33,40.0,76.9,27.6,60.1,.460,8.2,23.2,.354,13.4,18.8,.715,11.0,25.8,36.8,15.1,4.8,2.7,12.4,17.7
281,Richmond,33,40.0,71.9,26.5,57.2,.463,7.3,20.2,.362,11.6,15.8,.732,5.0,26.2,31.2,13.2,6.7,2.9,8.1,14.2
282,Charleston,35,40.0,80.9,28.7,65.1,.442,10.5,30.6,.343,12.9,17.9,.722,11.6,25.0,36.6,15.3,6.3,3.1,9.7,15.9
283,Dartmouth,27,40.0,61.9,22.0,53.6,.411,7.1,23.2,.305,10.8,15.6,.690,6.6,24.6,31.1,12.3,4.4,3.5,12.2,13.9
284,McNeese State,34,40.0,80.0,28.6,58.7,.487,7.6,19.7,.383,15.2,21.9,.693,10.1,23.4,33.5,14.9,10.3,3.4,9.0,17.3
285,Columbia,27,40.0,77.0,27.7,59.1,.469,8.6,22.8,.375,12.9,17.7,.732,8.2,24.6,32.7,17.4,7.7,2.3,11.6,16.2
286,Cornell,30,40.0,82.1,29.8,61.2,.487,10.3,29.7,.348,12.1,16.7,.723,8.5,24.6,33.0,18.1,8.3,2.6,11.8,18.3
287,Eastern Illinois,32,40.0,68.9,25.7,61.0,.421,5.6,17.5,.320,11.9,16.3,.731,9.3,23.0,32.3,12.9,8.1,3.0,9.9,17.7
288,Northeastern,32,40.0,69.4,25.3,55.6,.455,6.4,20.1,.318,12.4,16.6,.748,8.8,21.8,30.6,13.6,6.3,3.3,12.0,15.2
289,Queens University,33,40.0,80.1,28.1,63.5,.443,8.9,26.2,.340,14.9,21.0,.710,9.6,24.2,33.8,13.2,7.0,2.8,11.1,17.4
290,Morehead State,35,40.0,75.3,27.0,57.7,.467,9.4,26.1,.361,11.9,16.9,.706,10.1,26.4,36.5,15.0,5.9,4.6,11.3,15.8
291,Tennessee,34,40.0,79.1,27.3,61.6,.443,8.6,25.4,.339,15.9,21.2,.750,10.9,25.9,36.8,16.7,7.9,4.6,10.2,17.4
292,St. John's,33,40.0,78.8,29.4,64.8,.453,7.2,21.1,.341,12.9,17.7,.728,13.0,23.3,36.2,15.7,7.0,5.5,10.8,18.0
293,Arkansas-Pine Bluff ,31,40.0,80.1,26.2,58.7,.446,10.9,29.0,.375,16.8,22.0,.762,7.0,24.7,31.7,15.1,5.9,2.2,13.0,18.3
294,Mercer,33,40.0,71.2,26.7,59.4,.449,6.4,18.4,.345,11.5,17.1,.669,9.4,21.6,31.0,13.2,6.9,3.4,10.8,19.1
295,Southern Methodist,33,40.0,76.8,28.3,63.3,.447,7.6,22.3,.341,12.6,18.4,.686,12.7,23.8,36.6,15.7,8.4,4.8,11.0,17.1
296,N.J.I.T.,28,40.0,67.9,23.7,60.0,.394,7.2,23.8,.302,13.4,18.9,.709,10.1,22.4,32.5,10.5,7.2,3.3,10.5,19.1
297,Louisiana,33,40.0,75.9,27.8,61.4,.454,7.6,22.5,.338,12.6,17.2,.729,9.7,21.9,31.6,12.4,8.6,3.8,11.3,17.9
298,Charleston Southern,30,40.0,67.6,23.8,57.6,.414,6.9,21.0,.331,13.0,17.7,.736,8.6,23.2,31.9,10.2,3.8,3.0,11.9,17.1
299,Iowa State,36,40.0,75.5,27.2,58.5,.465,6.7,18.7,.356,14.4,20.7,.699,9.3,21.9,31.1,15.9,10.3,3.1,10.0,16.3
300,Marquette,36,40.0,78.6,29.4,61.0,.482,9.0,24.9,.360,10.9,15.4,.707,7.8,22.8,30.6,16.1,8.6,3.5,9.8,15.0
301,Hofstra,33,40.0,74.2,27.4,58.1,.471,10.0,27.0,.371,9.4,12.5,.753,6.3,23.5,29.8,15.4,6.2,3.5,9.9,14.5
302,Princeton,29,40.0,77.1,26.8,58.4,.458,10.5,29.4,.356,13.0,16.1,.806,7.1,23.6,30.7,14.6,6.0,1.9,7.4,13.5
303,Fairfield,36,40.0,76.0,26.9,60.0,.448,9.3,25.4,.366,12.9,17.0,.759,8.6,22.3,30.8,13.5,8.6,2.2,10.3,14.4
304,Sacred Heart,32,40.0,74.1,27.0,59.3,.455,7.4,20.3,.365,12.7,18.3,.695,8.0,23.0,30.9,13.8,8.7,5.0,11.3,16.9
305,Iona,33,40.0,71.3,26.0,60.1,.432,8.2,23.3,.353,11.2,17.2,.652,9.2,20.2,29.4,14.3,8.8,2.9,9.3,17.8
306,New Mexico,36,40.0,81.0,29.6,65.1,.455,6.5,19.8,.328,15.3,21.6,.707,11.0,25.4,36.5,14.6,8.7,4.9,9.8,17.6
307,UConn,36,40.0,81.6,29.3,58.8,.498,8.6,23.9,.361,14.3,19.3,.742,10.2,25.6,35.8,18.7,6.2,5.4,9.0,16.2
308,Georgia,36,40.0,74.9,25.5,59.2,.431,8.2,23.8,.344,15.7,21.8,.720,8.0,24.2,32.3,11.8,6.4,3.1,11.1,16.4
309,Colgate,35,40.0,71.4,26.5,56.5,.469,7.8,21.6,.359,10.5,15.4,.681,7.3,26.3,33.7,15.0,6.5,3.5,10.0,13.4
310,Iowa,34,40.0,83.1,30.1,63.4,.476,6.6,18.9,.351,16.2,20.9,.774,8.2,24.3,32.6,17.8,6.8,3.9,9.3,16.9
311,Kansas,34,40.0,75.6,28.2,57.9,.488,5.7,17.3,.332,13.4,18.5,.721,7.3,25.7,33.0,19.0,7.1,3.9,11.4,14.8
312,Texas Tech,34,40.0,75.3,25.8,57.1,.451,8.5,23.6,.359,15.2,19.5,.780,8.7,23.2,32.0,14.7,6.0,2.5,10.6,14.9
313,SIU-Edwardsville,33,40.0,71.5,25.2,59.5,.423,7.2,21.8,.332,13.8,19.1,.724,9.5,23.1,32.6,11.3,6.8,4.2,10.1,16.7
314,East Carolina,33,40.0,69.3,24.3,57.7,.422,6.6,21.1,.313,14.0,20.3,.692,10.3,21.7,32.0,12.3,7.9,2.8,10.6,15.6
315,Monmouth,33,40.0,72.4,26.1,60.5,.430,7.6,22.0,.347,12.7,17.7,.715,10.1,23.0,33.0,13.1,7.2,3.5,9.8,16.9
316,Florida State,33,40.0,76.5,27.4,60.5,.453,6.1,19.1,.317,15.8,22.3,.707,9.2,21.8,31.0,12.3,9.2,4.2,11.6,19.7
317,Florida International,33,40.0,73.6,26.7,61.2,.437,8.6,25.5,.338,11.5,17.2,.670,8.7,19.5,28.2,14.1,10.2,4.1,13.1,18.0
318,Indiana,33,40.0,72.3,26.6,56.0,.476,5.0,15.5,.324,14.0,21.1,.664,7.7,24.4,32.1,15.3,5.2,4.0,11.7,16.9
319,Siena,32,40.0,60.4,21.9,54.9,.399,5.3,18.8,.280,11.3,16.9,.667,10.2,22.3,32.4,10.7,5.1,4.1,15.1,15.3
320,Lipscomb,32,40.0,82.1,30.0,60.8,.493,9.3,24.4,.380,12.8,16.7,.767,6.5,24.0,30.5,14.5,6.1,3.4,9.5,12.9
321,Southern Mississippi,32,40.0,69.9,24.2,57.1,.424,6.3,19.2,.327,15.2,21.7,.700,9.0,24.3,33.4,11.8,7.2,4.8,12.5,17.2
322,Illinois State,32,40.0,66.5,23.2,54.8,.424,6.1,20.8,.292,14.0,19.7,.711,8.8,23.3,32.2,12.5,5.6,2.3,10.9,15.7
323,Vanderbilt,32,40.0,67.9,23.4,58.6,.399,6.5,23.1,.283,14.6,20.6,.709,8.9,22.2,31.1,9.4,6.1,2.9,9.7,15.3
324,Prairie View A&M,31,40.0,70.2,24.8,59.1,.421,4.8,15.8,.305,15.7,21.8,.721,8.4,20.1,28.5,12.0,9.1,2.8,11.8,20.2
325,Loyola Marymount,31,40.0,72.4,25.9,57.8,.448,8.4,22.9,.368,12.2,16.7,.730,8.9,23.5,32.5,11.9,3.7,2.6,10.1,16.3
326,Marist,31,40.0,64.6,23.4,52.8,.443,6.8,19.2,.356,11.0,15.7,.697,6.2,23.5,29.7,12.3,6.8,2.8,11.5,16.2
327,Auburn,35,39.9,83.1,28.9,60.6,.476,8.0,22.7,.352,17.4,23.2,.750,10.1,24.9,35.0,17.8,7.3,6.1,10.4,19.4
328,Sacramento State,34,39.9,67.1,23.5,54.6,.430,7.6,22.9,.331,12.6,17.6,.716,10.2,23.0,33.2,13.1,5.2,2.7,13.9,17.0
329,South Carolina,34,39.9,72.1,25.4,57.9,.439,8.1,23.8,.339,13.1,18.4,.711,9.5,22.7,32.2,15.4,4.8,3.2,9.4,16.2
330,Pepperdine,33,39.9,72.8,26.3,58.3,.451,6.8,18.9,.361,13.4,19.1,.703,8.9,22.3,31.2,13.3,5.1,2.7,10.7,16.3
331,Marshall,33,39.9,73.8,26.2,64.2,.408,8.2,26.4,.310,13.2,18.6,.711,10.4,24.9,35.3,14.9,7.0,4.4,11.7,16.1
332,Elon,32,39.9,73.1,25.8,57.8,.446,8.6,24.4,.352,13.0,18.4,.707,8.8,22.1,30.9,13.1,6.3,2.7,11.3,15.7
333,Missouri,32,39.9,72.2,25.2,57.4,.439,7.3,22.8,.319,14.4,18.2,.792,7.7,20.5,28.3,12.2,7.7,4.8,10.9,20.1
334,DePaul,32,39.9,64.7,22.7,53.6,.423,6.3,18.7,.335,13.2,17.9,.733,5.6,20.9,26.5,12.3,5.3,3.1,12.7,15.1
335,Mississippi State,35,39.9,74.1,26.2,57.9,.452,7.2,22.3,.321,14.5,21.7,.670,10.9,24.3,35.2,14.0,8.1,3.1,12.4,16.6
336,Samford,35,39.9,86.1,30.1,61.5,.490,10.0,25.4,.395,15.8,21.9,.723,9.2,23.7,32.9,17.7,9.9,3.7,12.7,19.1
337,Minnesota,34,39.9,75.0,26.8,56.8,.472,7.9,22.2,.355,13.6,19.7,.690,8.3,23.4,31.6,17.3,6.3,4.4,11.5,16.1
338,UCF,33,39.9,71.7,24.8,58.9,.420,6.8,21.2,.322,15.4,21.9,.701,10.6,23.6,34.2,11.4,8.7,5.0,11.7,18.2
339,Miami (FL),32,39.9,75.8,27.8,61.3,.454,8.9,24.8,.361,11.3,15.1,.745,8.8,25.3,34.1,14.2,7.2,3.1,11.9,13.1
340,North Carolina A&T,32,39.9,65.6,22.7,58.5,.388,6.0,20.9,.287,14.2,19.9,.713,7.7,20.5,28.2,10.2,5.6,3.3,8.6,15.3
341,Gonzaga,34,39.9,85.0,32.1,61.9,.519,7.0,19.3,.362,13.9,19.2,.723,9.6,26.4,36.1,16.8,6.7,4.0,9.6,15.6
342,Xavier,34,39.9,75.9,27.1,62.2,.436,6.8,19.9,.342,14.7,19.8,.746,9.9,25.1,34.9,16.2,6.9,3.4,11.3,16.8
343,Duke,34,39.9,79.8,28.4,58.9,.482,8.4,22.2,.381,14.6,20.2,.721,9.3,24.9,34.2,15.5,6.7,3.7,9.3,15.7
344,Saint Louis,33,39.9,74.9,25.6,56.8,.451,7.8,21.4,.367,15.9,21.2,.750,7.4,23.4,30.8,12.9,6.1,3.1,11.3,18.1
345,Belmont,33,39.9,77.9,27.9,58.8,.476,9.1,24.6,.371,12.9,17.8,.723,6.4,25.7,32.1,15.3,7.5,3.1,11.7,15.5
346,San Diego,33,39.9,72.5,25.7,59.9,.429,7.1,20.5,.344,14.0,19.2,.728,8.5,22.3,30.8,13.1,7.2,3.8,12.5,19.0
347,Murray State,32,39.9,69.8,25.7,57.5,.446,6.5,20.3,.321,11.9,17.1,.697,8.3,22.2,30.5,11.5,6.0,2.7,9.1,15.3
348,Rhode Island,32,39.9,72.6,25.8,56.3,.459,6.5,18.7,.349,14.4,22.3,.647,8.8,24.6,33.4,12.8,4.7,3.1,12.3,16.9
349,Indiana State,36,39.9,84.6,29.2,57.6,.506,10.8,28.4,.381,15.5,19.4,.799,6.1,27.0,33.1,17.7,6.2,1.8,11.4,16.4
350,Western Kentucky,34,39.9,80.2,29.3,62.9,.466,6.9,20.2,.340,14.8,20.6,.720,9.1,28.0,37.1,13.4,7.6,3.2,13.5,18.4
351,South Florida,33,39.8,75.7,25.4,57.6,.441,8.9,24.4,.367,16.1,21.8,.737,8.5,24.2,32.6,14.9,6.9,3.4,10.3,17.2
352,UCLA,33,39.8,66.0,23.1,55.2,.419,5.5,16.7,.332,14.2,19.5,.730,9.0,22.2,31.2,11.2,5.8,3.3,10.3,18.5
353,Hampton,33,39.8,71.8,25.8,60.9,.424,7.3,23.0,.318,12.8,17.9,.714,9.9,24.0,33.9,12.8,5.8,3.7,12.2,16.3
354,Ole Miss,32,39.8,74.9,26.2,58.6,.447,7.5,20.6,.366,15.0,20.6,.728,8.5,21.7,30.2,15.1,7.8,5.8,10.3,16.3
355,Syracuse,32,39.8,76.3,27.6,59.8,.461,6.8,20.3,.337,14.3,19.8,.721,7.3,23.2,30.4,13.8,9.1,4.0,11.0,15.4
356,Duquesne,37,39.8,70.6,24.9,57.0,.436,7.5,22.2,.340,13.2,18.4,.720,9.2,23.1,32.3,13.4,7.5,4.3,11.2,17.1
357,Valparaiso,32,39.8,67.6,24.9,61.3,.406,7.3,22.5,.325,10.5,14.7,.715,9.2,22.2,31.3,12.0,6.2,3.5,10.7,16.3
358,Rutgers,32,39.8,65.4,23.4,60.2,.389,5.5,19.1,.287,13.0,19.8,.658,10.8,23.5,34.3,11.8,7.7,5.2,11.1,16.9
359,George Mason,32,39.8,71.0,24.7,53.8,.460,6.8,19.9,.342,14.8,19.9,.743,8.7,24.5,33.2,11.4,5.5,3.4,11.3,16.5
360,Pittsburgh,33,39.8,75.6,26.5,60.6,.437,9.6,26.9,.357,13.1,18.5,.708,10.1,24.5,34.6,13.7,6.3,4.5,8.7,15.5
361,Brigham Young,34,39.8,81.4,29.2,63.4,.460,11.1,32.0,.348,11.9,16.1,.742,10.1,26.1,36.3,18.5,5.9,3.0,10.4,17.7
362,Virginia Tech,34,39.8,74.9,26.1,56.0,.465,8.1,23.3,.348,14.7,18.5,.793,6.6,23.6,30.2,15.1,5.3,2.4,10.8,15.9
